URN,SEN
119903
119906
119912
119913
119914
119915
119916
119917
119918
119925
119926
119928
119929
119930
119931
119932
119934
119936
119942
119949
119952
119953
119954
119956
119957
119958
119959
119961
119964
119981
119986
119993
120002
120003
120005
120006
120009
120014
120016
120017
120018
120023
120026
120028
120029
120034
120038
120039
120047
120050
120065
120068
120069
120070
120071
120073
120077
120079
120081
120084
120086
120087
120088
120095
120096
120100
120101
120107
120108
120114
120115
120119
120120
120121
120122
120123
120124
120127
120129
120131
120132
120134
120135
120138
120141
120142
120149
120151
120153
120158
120159
120163
120171
120172
120174
120175
120176
120187
120190
120192
120195
120201
120229
120230
120277
120281
120292
120298
120316
120320
120322
120324
120325
120326
120329
120330,SEN
120331
120332
120333
120334
120335
120336
120339
120340
120341
120344
120345
120348,SEN
120352,SEN
120363,SEN
128078,SEN
129645
130353
130371,SEN
130748
130754
130756
130927
131002
131018,SEN
131099,SEN
131513
131535
131863
131893
131990
132211
132226
132824
132991
133002
133349
134305
134438,SEN
134595
134640,SEN
134809
134938,SEN
135185
135217,SEN
135390
135530,SEN
135858
136530
136629
136754
136930
136949
137115
137120
137161
137170
137340
137358
137367
137401
137540
137561
137617
137640
137799
137828
137905
137931
137932
137933
137968
137969
137983
137984
138079
138080
138081
138090
138094
138108
138113
138115
138150
138154
138155
138156
138173
138185
138290
138294
138295
138296
138297
138298
138299
138301
138321
138323
138327
138345
138346
138347
138348
138350
138358
138359
138478
138521
138527
138528
138553
138628
138721
138804
138805
138806
138807
138809
138818
138819
138820
138838
138869
138891
138894
138902
138905
138906
138908
138926
138929
138930
138931
138935
138965
138999
139005
139034
139038
139097
139098
139194
139200
139284
139287
139340
139341
139342
139344
139349
139366
139441
139442
139481
139559,SEN
139611
139620
139624
139734,SEN
139737
139739
139744
139751
139767
139845
139854
139855
139858
139859
139864
139874
139983
140095
140101
140103
140230
140251
140253
140315
140316
140317
140476
140608
140696
140702
140725
140746
140754
140787
140850
140851
140909
140910
140911
140912
140913
141011
141127,SEN
141137
141151
141221
141222
141234
141279
141452
141453
141454
141468
141469
141630
141874
141903
141916
141965
142261
142401
142410
142544
142631
142635,SEN
142659,SEN
142677
142678
142724
142779,SEN
142787
142848
142857
142939,SEN
142967
143244
143245
143246
143247
143248
143249
143250
143251
143252
143253
143254
143607
143608
143609
143610
143611
143679
143795
143844
143857
144107
144108
144109
144110
144111
144112
144113
144114
144115
144116
144117
144118
144310
144479
144538
144619,SEN
144629
144749
144837
144847
144911
145083
145084
145158
145203
145357
145488
145505
145558
145617
145618
145619
145620
145970
145972
145973
145974
146105
146108
146133
146147
146158
146180
146196
146224
146232
146360,SEN
146397
146425
146428
146602
146603
146611
146618
146621
146844
146852
146853
146857
147068
147089
147148
147223
147410
147411
147607,SEN
147734
147756
147837
147858
147902
147963,SEN
148027,SEN
148029
148165
148171
148245,SEN
148390
148391
148417
148424,SEN
148546
148549
148624
148877
148878
148905
148947
148948
149040
149144
149200,SEN
149267
149269
149270
149271
149371
149584
149647
149749
150026
150049
150436
150440S,SEN
150511
150622
150642
150730
150744
150787
150812
150863
150884
150905
151090
151121,SEN
151122
151128
151155
151482
151607
